NAME,id
Hackney,745828
Hackney,745829
Hackney,747043
Hackney,747044
Hackney,747045
Hackney,747047
Hackney,747048
Hackney,748257
Hackney,748258
Hackney,748259
Hackney,748260
Hackney,748261
Hackney,748262
Hackney,748263
Hackney,749473
Hackney,749474
Hackney,749475
Hackney,749476
Hackney,749477
Hackney,749478
Hackney,749479
Hackney,750687
Hackney,750688
Hackney,750689
Hackney,750690
Hackney,750691
Hackney,750692
Hackney,751904
Hackney,751905
Hackney,751906
Hackney,751907
Hackney,753119
Hackney,753120
Hackney,753121
Hackney,754335
Hackney,754336
City of London,745834
City of London,745835
City of London,747049
City of London,747050
City of London,748263
City of London,748264
City of London,748265
City of London,749479
City of London,749480
Croydon,740996
Croydon,742209
Croydon,742210
Croydon,742211
Croydon,742212
Croydon,742213
Croydon,743416
Croydon,743418
Croydon,743423
Croydon,743424
Croydon,743425
Croydon,743426
Croydon,743427
Croydon,743428
Croydon,744630
Croydon,744631
Croydon,744632
Croydon,744633
Croydon,744634
Croydon,744635
Croydon,744636
Croydon,744637
Croydon,744638
Croydon,744639
Croydon,744640
Croydon,744641
Croydon,744642
Croydon,744643
Croydon,744644
Croydon,745844
Croydon,745845
Croydon,745846
Croydon,745847
Croydon,745848
Croydon,745849
Croydon,745850
Croydon,745851
Croydon,745852
Croydon,745853
Croydon,745854
Croydon,745855
Croydon,745856
Croydon,745857
Croydon,745858
Croydon,745859
Croydon,747060
Croydon,747061
Croydon,747062
Croydon,747063
Croydon,747064
Croydon,747065
Croydon,747066
Croydon,747067
Croydon,747068
Croydon,747069
Croydon,747070
Croydon,747071
Croydon,747072
Croydon,747073
Croydon,747074
Croydon,748274
Croydon,748275
Croydon,748276
Croydon,748277
Croydon,748278
Croydon,748279
Croydon,748280
Croydon,748281
Croydon,748282
Croydon,748283
Croydon,748284
Croydon,748285
Croydon,748286
Croydon,748287
Croydon,748288
Croydon,749490
Croydon,749491
Croydon,749492
Croydon,749493
Croydon,749494
Croydon,749495
Croydon,749496
Croydon,749497
Croydon,749498
Croydon,749499
Croydon,749500
Croydon,749501
Croydon,749502
Croydon,750706
Croydon,750707
Croydon,750708
Croydon,750709
Croydon,750710
Croydon,750711
Croydon,750712
Croydon,750713
Croydon,750714
Croydon,750715
Croydon,750716
Croydon,751922
Croydon,751923
Croydon,751924
Croydon,751925
Croydon,751926
Croydon,751927
Croydon,751928
Croydon,751929
Croydon,751930
Croydon,751931
Croydon,753138
Croydon,753139
Croydon,753140
Croydon,753141
Croydon,753142
Croydon,753143
Croydon,753144
Croydon,754354
Croydon,754355
Croydon,754356
Croydon,754357
Croydon,754358
Croydon,754359
Croydon,755571
Croydon,755572
Croydon,755573
Croydon,755574
Croydon,756787
Croydon,756788
Croydon,756789
Croydon,756790
Croydon,758004
Lewisham,749489
Lewisham,750697
Lewisham,750698
Lewisham,750701
Lewisham,750702
Lewisham,750703
Lewisham,750704
Lewisham,751912
Lewisham,751913
Lewisham,751914
Lewisham,751915
Lewisham,751916
Lewisham,751917
Lewisham,751918
Lewisham,751919
Lewisham,751920
Lewisham,753126
Lewisham,753127
Lewisham,753128
Lewisham,753129
Lewisham,753130
Lewisham,753131
Lewisham,753132
Lewisham,753133
Lewisham,753134
Lewisham,754343
Lewisham,754344
Lewisham,754345
Lewisham,754346
Lewisham,754347
Lewisham,754348
Lewisham,754349
Lewisham,754350
Lewisham,755559
Lewisham,755560
Lewisham,755561
Lewisham,755562
Lewisham,755563
Lewisham,755564
Lewisham,755565
Lewisham,756774
Lewisham,756775
Lewisham,756776
Lewisham,756777
Lewisham,756778
Lewisham,756779
Lewisham,756780
Lewisham,756781
Lewisham,757988
Lewisham,757989
Lewisham,757990
Lewisham,757991
Lewisham,757992
Lewisham,757993
Lewisham,757994
Lewisham,759207
Lewisham,759208
Lewisham,759209
Lewisham,760423
Lewisham,760424
Richmond upon Thames,717900
Richmond upon Thames,719112
Richmond upon Thames,719114
Richmond upon Thames,719115
Richmond upon Thames,719116
Richmond upon Thames,720326
Richmond upon Thames,720327
Richmond upon Thames,720328
Richmond upon Thames,720329
Richmond upon Thames,720330
Richmond upon Thames,720331
Richmond upon Thames,720332
Richmond upon Thames,721541
Richmond upon Thames,721542
Richmond upon Thames,721543
Richmond upon Thames,721544
Richmond upon Thames,721545
Richmond upon Thames,721546
Richmond upon Thames,722756
Richmond upon Thames,722757
Richmond upon Thames,722758
Richmond upon Thames,722759
Richmond upon Thames,722760
Richmond upon Thames,722761
Richmond upon Thames,722762
Richmond upon Thames,723971
Richmond upon Thames,723972
Richmond upon Thames,723973
Richmond upon Thames,723974
Richmond upon Thames,723975
Richmond upon Thames,723976
Richmond upon Thames,723977
Richmond upon Thames,723978
Richmond upon Thames,725185
Richmond upon Thames,725186
Richmond upon Thames,725187
Richmond upon Thames,725188
Richmond upon Thames,725189
Richmond upon Thames,725190
Richmond upon Thames,725191
Richmond upon Thames,725192
Richmond upon Thames,725193
Richmond upon Thames,725194
Richmond upon Thames,726399
Richmond upon Thames,726400
Richmond upon Thames,726401
Richmond upon Thames,726402
Richmond upon Thames,726403
Richmond upon Thames,726404
Richmond upon Thames,726405
Richmond upon Thames,726406
Richmond upon Thames,726407
Richmond upon Thames,726408
Richmond upon Thames,727613
Richmond upon Thames,727614
Richmond upon Thames,727615
Richmond upon Thames,727616
Richmond upon Thames,727617
Richmond upon Thames,727618
Richmond upon Thames,727619
Richmond upon Thames,727620
Richmond upon Thames,728828
Richmond upon Thames,728829
Richmond upon Thames,728830
Richmond upon Thames,728831
Richmond upon Thames,728834
Richmond upon Thames,728835
Richmond upon Thames,730044
Richmond upon Thames,730045
Richmond upon Thames,730046
Richmond upon Thames,730049
Richmond upon Thames,730050
Richmond upon Thames,731259
Richmond upon Thames,731260
Richmond upon Thames,731261
Richmond upon Thames,731263
Richmond upon Thames,731264
Richmond upon Thames,732473
Richmond upon Thames,732474
Richmond upon Thames,732475
Richmond upon Thames,732477
Richmond upon Thames,732478
Richmond upon Thames,733687
Richmond upon Thames,733688
Richmond upon Thames,733689
Richmond upon Thames,733690
Richmond upon Thames,733692
Richmond upon Thames,734903
Richmond upon Thames,734904
Richmond upon Thames,734905
Havering,770124
Havering,770125
Havering,770126
Havering,770127
Havering,770128
Havering,771338
Havering,771339
Havering,771340
Havering,771341
Havering,771342
Havering,771343
Havering,771344
Havering,771349
Havering,772551
Havering,772553
Havering,772554
Havering,772555
Havering,772556
Havering,772557
Havering,772558
Havering,772561
Havering,772562
Havering,772563
Havering,772564
Havering,773767
Havering,773768
Havering,773769
Havering,773770
Havering,773771
Havering,773772
Havering,773773
Havering,773774
Havering,773775
Havering,773776
Havering,773777
Havering,773778
Havering,773779
Havering,773780
Havering,773781
Havering,774981
Havering,774984
Havering,774985
Havering,774986
Havering,774987
Havering,774988
Havering,774989
Havering,774990
Havering,774991
Havering,774992
Havering,774993
Havering,774994
Havering,774995
Havering,774997
Havering,776198
Havering,776199
Havering,776200
Havering,776201
Havering,776202
Havering,776203
Havering,776204
Havering,776205
Havering,776206
Havering,776207
Havering,776208
Havering,776209
Havering,776210
Havering,777412
Havering,777413
Havering,777414
Havering,777415
Havering,777416
Havering,777417
Havering,777418
Havering,777419
Havering,777420
Havering,777422
Havering,777423
Havering,778628
Havering,778629
Havering,778630
Havering,778631
Havering,778632
Havering,778633
Havering,778634
Havering,778635
Havering,778638
Havering,778641
Havering,779843
Havering,779844
Havering,779845
Havering,779846
Havering,779847
Havering,779848
Havering,779849
Havering,779850
Havering,779854
Havering,781059
Havering,781062
Havering,781063
Havering,781064
Havering,781065
Havering,781066
Havering,781069
Havering,782273
Havering,782277
Havering,782278
Havering,782279
Havering,783492
Havering,783493
Havering,783494
Merton,732479
Merton,732480
Merton,732481
Merton,732482
Merton,732483
Merton,733693
Merton,733694
Merton,733695
Merton,733696
Merton,733697
Merton,733698
Merton,734908
Merton,734909
Merton,734910
Merton,734911
Merton,734912
Merton,734913
Merton,734914
Merton,734915
Merton,736123
Merton,736124
Merton,736125
Merton,736126
Merton,736127
Merton,736128
Merton,736129
Merton,737338
Merton,737339
Merton,737340
Merton,737341
Merton,737342
Merton,737343
Merton,737344
Merton,738552
Merton,738553
Merton,738554
Merton,738555
Merton,738556
Merton,738557
Merton,738558
Merton,738559
Merton,739770
Merton,739771
Merton,739772
Merton,739773
Merton,739774
Merton,740984
Merton,740985
Merton,740986
Merton,740987
Merton,740988
Merton,742200
Merton,742201
Merton,742202
Merton,742203
Merton,742204
Merton,743415
Merton,743416
Merton,743417
Merton,743418
Merton,744631
Merton,744632
Merton,744633
Waltham Forest,750685
Waltham Forest,750686
Waltham Forest,750687
Waltham Forest,750688
Waltham Forest,751899
Waltham Forest,751900
Waltham Forest,751901
Waltham Forest,751902
Waltham Forest,751903
Waltham Forest,751904
Waltham Forest,753112
Waltham Forest,753113
Waltham Forest,753114
Waltham Forest,753115
Waltham Forest,753116
Waltham Forest,753117
Waltham Forest,753118
Waltham Forest,753119
Waltham Forest,754325
Waltham Forest,754326
Waltham Forest,754327
Waltham Forest,754328
Waltham Forest,754329
Waltham Forest,754330
Waltham Forest,754331
Waltham Forest,754332
Waltham Forest,754333
Waltham Forest,754334
Waltham Forest,754335
Waltham Forest,755539
Waltham Forest,755540
Waltham Forest,755541
Waltham Forest,755542
Waltham Forest,755543
Waltham Forest,755544
Waltham Forest,755545
Waltham Forest,755546
Waltham Forest,755547
Waltham Forest,755548
Waltham Forest,755549
Waltham Forest,755550
Waltham Forest,756756
Waltham Forest,756757
Waltham Forest,756758
Waltham Forest,756759
Waltham Forest,756760
Waltham Forest,756761
Waltham Forest,756762
Waltham Forest,756763
Waltham Forest,756764
Waltham Forest,756765
Waltham Forest,757971
Waltham Forest,757972
Waltham Forest,757973
Waltham Forest,757974
Waltham Forest,757975
Waltham Forest,757976
Waltham Forest,757977
Waltham Forest,757978
Waltham Forest,757979
Waltham Forest,757980
Waltham Forest,759186
Brent,723957
Brent,723958
Brent,723959
Brent,723960
Brent,725172
Brent,725173
Brent,725174
Brent,725175
Brent,725176
Brent,726386
Brent,726387
Brent,726388
Brent,726389
Brent,726390
Brent,726391
Brent,726392
Brent,727601
Brent,727602
Brent,727603
Brent,727604
Brent,727605
Brent,727606
Brent,727607
Brent,727608
Brent,728815
Brent,728816
Brent,728817
Brent,728818
Brent,728819
Brent,728820
Brent,728821
Brent,728822
Brent,728823
Brent,730030
Brent,730031
Brent,730032
Brent,730033
Brent,730034
Brent,730035
Brent,730036
Brent,730037
Brent,730038
Brent,731246
Brent,731247
Brent,731248
Brent,731249
Brent,731250
Brent,731251
Brent,731252
Brent,732462
Brent,732463
Brent,732464
Brent,732465
Brent,732466
Brent,732467
Brent,732468
Brent,733678
Brent,733679
Brent,733680
Brent,733681
Brent,733682
Brent,733683
Brent,734894
Brent,734895
Brent,734896
Brent,734897
Brent,734898
Brent,736110
Brent,736111
Brent,736112
Brent,737327
Brent,737328
Newham,754335
Newham,754336
Newham,754337
Newham,754338
Newham,755550
Newham,755551
Newham,755552
Newham,755553
Newham,755554
Newham,756765
Newham,756766
Newham,756767
Newham,756768
Newham,756769
Newham,756770
Newham,757979
Newham,757980
Newham,757981
Newham,757982
Newham,757983
Newham,757984
Newham,757985
Newham,757986
Newham,759195
Newham,759196
Newham,759197
Newham,759198
Newham,759199
Newham,759200
Newham,759201
Newham,760408
Newham,760409
Newham,760410
Newham,760411
Newham,760412
Newham,760413
Newham,760414
Newham,760415
Newham,761624
Newham,761625
Newham,761626
Newham,761627
Newham,761628
Newham,761629
Newham,761630
Newham,761631
Newham,762839
Newham,762840
Newham,762841
Newham,762842
Newham,762843
Newham,762844
Newham,762845
Newham,762846
Newham,764058
Newham,764059
Newham,764060
Newham,764061
Newham,765272
Newham,765273
Newham,765274
Newham,766489
Kensington and Chelsea,733683
Kensington and Chelsea,734898
Kensington and Chelsea,734899
Kensington and Chelsea,734900
Kensington and Chelsea,734901
Kensington and Chelsea,736113
Kensington and Chelsea,736114
Kensington and Chelsea,736115
Kensington and Chelsea,736116
Kensington and Chelsea,737329
Kensington and Chelsea,737330
Kensington and Chelsea,737331
Kensington and Chelsea,737332
Kensington and Chelsea,737333
Kensington and Chelsea,738545
Kensington and Chelsea,738546
Kensington and Chelsea,738547
Kensington and Chelsea,738548
Kensington and Chelsea,739761
Kensington and Chelsea,739762
Kensington and Chelsea,739763
Kensington and Chelsea,740976
Kensington and Chelsea,740977
Kensington and Chelsea,740978
Kensington and Chelsea,742192
Kensington and Chelsea,742193
Kingston upon Thames,725196
Kingston upon Thames,725197
Kingston upon Thames,725198
Kingston upon Thames,725201
Kingston upon Thames,726404
Kingston upon Thames,726405
Kingston upon Thames,726406
Kingston upon Thames,726407
Kingston upon Thames,726408
Kingston upon Thames,726409
Kingston upon Thames,726410
Kingston upon Thames,726411
Kingston upon Thames,726412
Kingston upon Thames,726413
Kingston upon Thames,727619
Kingston upon Thames,727620
Kingston upon Thames,727621
Kingston upon Thames,727622
Kingston upon Thames,727623
Kingston upon Thames,727624
Kingston upon Thames,727625
Kingston upon Thames,727626
Kingston upon Thames,727627
Kingston upon Thames,727628
Kingston upon Thames,727629
Kingston upon Thames,727630
Kingston upon Thames,728834
Kingston upon Thames,728835
Kingston upon Thames,728836
Kingston upon Thames,728837
Kingston upon Thames,728838
Kingston upon Thames,728839
Kingston upon Thames,728840
Kingston upon Thames,728841
Kingston upon Thames,728842
Kingston upon Thames,728843
Kingston upon Thames,730049
Kingston upon Thames,730050
Kingston upon Thames,730051
Kingston upon Thames,730052
Kingston upon Thames,730053
Kingston upon Thames,730054
Kingston upon Thames,730055
Kingston upon Thames,730056
Kingston upon Thames,731263
Kingston upon Thames,731264
Kingston upon Thames,731265
Kingston upon Thames,731266
Kingston upon Thames,731267
Kingston upon Thames,731268
Kingston upon Thames,731269
Kingston upon Thames,731270
Kingston upon Thames,732479
Kingston upon Thames,732480
Kingston upon Thames,732481
Kingston upon Thames,732482
Kingston upon Thames,732483
Kingston upon Thames,732484
Kingston upon Thames,732485
Kingston upon Thames,733698
Kingston upon Thames,733699
Hillingdon,706942
Hillingdon,706943
Hillingdon,706944
Hillingdon,706946
Hillingdon,706959
Hillingdon,706960
Hillingdon,708157
Hillingdon,708158
Hillingdon,708159
Hillingdon,708160
Hillingdon,708161
Hillingdon,708162
Hillingdon,708163
Hillingdon,708167
Hillingdon,708168
Hillingdon,708169
Hillingdon,708170
Hillingdon,708172
Hillingdon,708173
Hillingdon,708174
Hillingdon,708175
Hillingdon,708176
Hillingdon,709372
Hillingdon,709374
Hillingdon,709375
Hillingdon,709376
Hillingdon,709377
Hillingdon,709380
Hillingdon,709381
Hillingdon,709382
Hillingdon,709383
Hillingdon,709384
Hillingdon,709385
Hillingdon,709386
Hillingdon,709387
Hillingdon,709388
Hillingdon,709389
Hillingdon,709390
Hillingdon,709391
Hillingdon,710590
Hillingdon,710594
Hillingdon,710595
Hillingdon,710596
Hillingdon,710597
Hillingdon,710598
Hillingdon,710599
Hillingdon,710600
Hillingdon,710601
Hillingdon,710602
Hillingdon,710603
Hillingdon,710604
Hillingdon,710605
Hillingdon,710606
Hillingdon,711804
Hillingdon,711805
Hillingdon,711808
Hillingdon,711809
Hillingdon,711810
Hillingdon,711811
Hillingdon,711812
Hillingdon,711813
Hillingdon,711814
Hillingdon,711815
Hillingdon,711816
Hillingdon,711817
Hillingdon,711818
Hillingdon,711819
Hillingdon,711820
Hillingdon,711821
Hillingdon,713018
Hillingdon,713019
Hillingdon,713020
Hillingdon,713021
Hillingdon,713022
Hillingdon,713023
Hillingdon,713024
Hillingdon,713025
Hillingdon,713026
Hillingdon,713027
Hillingdon,713028
Hillingdon,713029
Hillingdon,713030
Hillingdon,713031
Hillingdon,713032
Hillingdon,713033
Hillingdon,713034
Hillingdon,713035
Hillingdon,713036
Hillingdon,713037
Hillingdon,714233
Hillingdon,714234
Hillingdon,714235
Hillingdon,714236
Hillingdon,714237
Hillingdon,714238
Hillingdon,714239
Hillingdon,714240
Hillingdon,714241
Hillingdon,714242
Hillingdon,714243
Hillingdon,714244
Hillingdon,714245
Hillingdon,714246
Hillingdon,714247
Hillingdon,714248
Hillingdon,714249
Hillingdon,714250
Hillingdon,714251
Hillingdon,715449
Hillingdon,715450
Hillingdon,715451
Hillingdon,715452
Hillingdon,715453
Hillingdon,715454
Hillingdon,715455
Hillingdon,715456
Hillingdon,715457
Hillingdon,715458
Hillingdon,715459
Hillingdon,715460
Hillingdon,715461
Hillingdon,715462
Hillingdon,715463
Hillingdon,715464
Hillingdon,715465
Hillingdon,715466
Hillingdon,716664
Hillingdon,716665
Hillingdon,716666
Hillingdon,716667
Hillingdon,716668
Hillingdon,716669
Hillingdon,716670
Hillingdon,716671
Hillingdon,716672
Hillingdon,716673
Hillingdon,716674
Hillingdon,716675
Hillingdon,716676
Hillingdon,716677
Hillingdon,716678
Hillingdon,716679
Hillingdon,716680
Hillingdon,717881
Hillingdon,717882
Hillingdon,717883
Hillingdon,717884
Hillingdon,717885
Hillingdon,717886
Hillingdon,717887
Hillingdon,717888
Hillingdon,717889
Hillingdon,717890
Hillingdon,717891
Hillingdon,719098
Hillingdon,719099
Hillingdon,719100
Hillingdon,719101
Hillingdon,719103
Hillingdon,719104
Hillingdon,719105
Hillingdon,720319
Barking and Dagenham,762840
Barking and Dagenham,762841
Barking and Dagenham,762842
Barking and Dagenham,764056
Barking and Dagenham,764057
Barking and Dagenham,764058
Barking and Dagenham,765270
Barking and Dagenham,765271
Barking and Dagenham,765272
Barking and Dagenham,765273
Barking and Dagenham,766485
Barking and Dagenham,766486
Barking and Dagenham,766487
Barking and Dagenham,766488
Barking and Dagenham,766489
Barking and Dagenham,767698
Barking and Dagenham,767699
Barking and Dagenham,767700
Barking and Dagenham,767701
Barking and Dagenham,767702
Barking and Dagenham,767703
Barking and Dagenham,767704
Barking and Dagenham,768911
Barking and Dagenham,768912
Barking and Dagenham,768913
Barking and Dagenham,768914
Barking and Dagenham,768915
Barking and Dagenham,768916
Barking and Dagenham,768917
Barking and Dagenham,768918
Barking and Dagenham,768919
Barking and Dagenham,770124
Barking and Dagenham,770125
Barking and Dagenham,770126
Barking and Dagenham,770127
Barking and Dagenham,770128
Barking and Dagenham,770129
Barking and Dagenham,770130
Barking and Dagenham,770131
Barking and Dagenham,770132
Barking and Dagenham,770133
Barking and Dagenham,770134
Barking and Dagenham,771340
Barking and Dagenham,771341
Barking and Dagenham,771343
Barking and Dagenham,771344
Barking and Dagenham,771345
Barking and Dagenham,771346
Barking and Dagenham,771347
Barking and Dagenham,771348
Barking and Dagenham,771349
Barking and Dagenham,772558
Barking and Dagenham,772559
Barking and Dagenham,772560
Barking and Dagenham,772561
Barking and Dagenham,772562
Barking and Dagenham,772563
Barking and Dagenham,773773
Barking and Dagenham,773774
Barking and Dagenham,773775
Barking and Dagenham,773776
Barking and Dagenham,773777
Barking and Dagenham,774989
Barking and Dagenham,774990
Wandsworth,731260
Wandsworth,731261
Wandsworth,731263
Wandsworth,732475
Wandsworth,732476
Wandsworth,732477
Wandsworth,732478
Wandsworth,732479
Wandsworth,733689
Wandsworth,733690
Wandsworth,733691
Wandsworth,733692
Wandsworth,733693
Wandsworth,734905
Wandsworth,734906
Wandsworth,734907
Wandsworth,734908
Wandsworth,736120
Wandsworth,736121
Wandsworth,736122
Wandsworth,736123
Wandsworth,737335
Wandsworth,737336
Wandsworth,737337
Wandsworth,737338
Wandsworth,738549
Wandsworth,738550
Wandsworth,738551
Wandsworth,738552
Wandsworth,738553
Wandsworth,738554
Wandsworth,739763
Wandsworth,739764
Wandsworth,739765
Wandsworth,739766
Wandsworth,739767
Wandsworth,739768
Wandsworth,739769
Wandsworth,739770
Wandsworth,740978
Wandsworth,740979
Wandsworth,740980
Wandsworth,740981
Wandsworth,740982
Wandsworth,740983
Wandsworth,740984
Wandsworth,740985
Wandsworth,742193
Wandsworth,742194
Wandsworth,742195
Wandsworth,742196
Wandsworth,742197
Wandsworth,742198
Wandsworth,742199
Wandsworth,742200
Wandsworth,743407
Wandsworth,743408
Wandsworth,743409
Wandsworth,743411
Wandsworth,743412
Wandsworth,743413
Wandsworth,743414
Wandsworth,743415
Wandsworth,744623
Haringey,739751
Haringey,739752
Haringey,739753
Haringey,740964
Haringey,740965
Haringey,740966
Haringey,740967
Haringey,740968
Haringey,742179
Haringey,742180
Haringey,742181
Haringey,742182
Haringey,742183
Haringey,742184
Haringey,743393
Haringey,743394
Haringey,743395
Haringey,743396
Haringey,743397
Haringey,743398
Haringey,744609
Haringey,744610
Haringey,744611
Haringey,744612
Haringey,744613
Haringey,745824
Haringey,745825
Haringey,745826
Haringey,745827
Haringey,745828
Haringey,745829
Haringey,747039
Haringey,747040
Haringey,747041
Haringey,747042
Haringey,747043
Haringey,747044
Haringey,748254
Haringey,748255
Haringey,748256
Haringey,748257
Haringey,749469
Haringey,749470
Haringey,749471
Haringey,749472
Haringey,749473
Haringey,750684
Haringey,750685
Haringey,750686
Haringey,750687
Haringey,751899
Haringey,751900
Southwark,745835
Southwark,745836
Southwark,745837
Southwark,745838
Southwark,747050
Southwark,747051
Southwark,747052
Southwark,747053
Southwark,747054
Southwark,747055
Southwark,747056
Southwark,747057
Southwark,747058
Southwark,748265
Southwark,748266
Southwark,748267
Southwark,748268
Southwark,748269
Southwark,748270
Southwark,748271
Southwark,748272
Southwark,748273
Southwark,748274
Southwark,749481
Southwark,749482
Southwark,749483
Southwark,749484
Southwark,749485
Southwark,749486
Southwark,749487
Southwark,749488
Southwark,749489
Southwark,749490
Southwark,750695
Southwark,750696
Southwark,750697
Southwark,750698
Southwark,750699
Southwark,750700
Southwark,750701
Southwark,750702
Southwark,750703
Southwark,751910
Southwark,751911
Southwark,751912
Southwark,751913
Southwark,751914
Southwark,751915
Southwark,751916
Southwark,751917
Southwark,753125
Southwark,753126
Southwark,753131
Islington,742184
Islington,742185
Islington,743398
Islington,743399
Islington,743400
Islington,743401
Islington,744613
Islington,744614
Islington,744615
Islington,744616
Islington,744617
Islington,744618
Islington,745828
Islington,745829
Islington,745830
Islington,745831
Islington,745832
Islington,745833
Islington,745834
Islington,747044
Islington,747045
Islington,747046
Islington,747047
Islington,747048
Islington,747049
Islington,748260
Islington,748261
Islington,748262
Islington,748263
Islington,748264
Islington,749476
Tower Hamlets,748263
Tower Hamlets,748264
Tower Hamlets,748265
Tower Hamlets,749478
Tower Hamlets,749479
Tower Hamlets,749480
Tower Hamlets,749481
Tower Hamlets,750692
Tower Hamlets,750693
Tower Hamlets,750694
Tower Hamlets,750695
Tower Hamlets,751907
Tower Hamlets,751908
Tower Hamlets,751909
Tower Hamlets,751910
Tower Hamlets,753121
Tower Hamlets,753122
Tower Hamlets,753123
Tower Hamlets,753124
Tower Hamlets,753125
Tower Hamlets,753126
Tower Hamlets,754336
Tower Hamlets,754337
Tower Hamlets,754338
Tower Hamlets,754339
Tower Hamlets,754340
Tower Hamlets,754341
Tower Hamlets,754342
Tower Hamlets,754343
Tower Hamlets,755552
Tower Hamlets,755553
Tower Hamlets,755554
Tower Hamlets,755555
Tower Hamlets,755556
Tower Hamlets,755557
Tower Hamlets,756769
Tower Hamlets,756770
Tower Hamlets,756772
Westminster,734898
Westminster,736112
Westminster,736113
Westminster,736114
Westminster,737327
Westminster,737328
Westminster,737329
Westminster,737330
Westminster,738541
Westminster,738542
Westminster,738543
Westminster,738544
Westminster,738545
Westminster,738546
Westminster,739757
Westminster,739758
Westminster,739759
Westminster,739760
Westminster,739761
Westminster,739762
Westminster,740972
Westminster,740973
Westminster,740974
Westminster,740975
Westminster,740976
Westminster,740977
Westminster,742188
Westminster,742189
Westminster,742190
Westminster,742191
Westminster,742192
Westminster,742193
Westminster,743404
Westminster,743405
Westminster,743406
Westminster,743407
Westminster,744620
Westminster,744621
Westminster,744622
Westminster,745834
Westminster,745835
Greenwich,754343
Greenwich,754344
Greenwich,755557
Greenwich,755558
Greenwich,755559
Greenwich,756770
Greenwich,756771
Greenwich,756772
Greenwich,756773
Greenwich,756774
Greenwich,756775
Greenwich,757986
Greenwich,757987
Greenwich,757988
Greenwich,757989
Greenwich,757990
Greenwich,757991
Greenwich,759202
Greenwich,759203
Greenwich,759204
Greenwich,759205
Greenwich,759206
Greenwich,759207
Greenwich,760416
Greenwich,760417
Greenwich,760418
Greenwich,760419
Greenwich,760420
Greenwich,760421
Greenwich,760422
Greenwich,761631
Greenwich,761632
Greenwich,761633
Greenwich,761634
Greenwich,761635
Greenwich,761636
Greenwich,761637
Greenwich,761638
Greenwich,761639
Greenwich,762846
Greenwich,762847
Greenwich,762848
Greenwich,762849
Greenwich,762850
Greenwich,762851
Greenwich,762852
Greenwich,762853
Greenwich,762854
Greenwich,764061
Greenwich,764062
Greenwich,764063
Greenwich,764064
Greenwich,764065
Greenwich,764066
Greenwich,764067
Greenwich,764068
Greenwich,764069
Greenwich,765274
Greenwich,765275
Greenwich,765276
Greenwich,765277
Greenwich,765278
Greenwich,765279
Greenwich,765280
Greenwich,765281
Greenwich,765282
Greenwich,766490
Greenwich,766491
Greenwich,766492
Greenwich,766493
Greenwich,766494
Greenwich,767704
Greenwich,767705
Greenwich,767706
Greenwich,767707
Greenwich,767708
Greenwich,768920
Greenwich,768921
Greenwich,768922
Greenwich,768923
Lambeth,742195
Lambeth,742196
Lambeth,742197
Lambeth,742198
Lambeth,742201
Lambeth,743408
Lambeth,743409
Lambeth,743410
Lambeth,743411
Lambeth,743412
Lambeth,743413
Lambeth,743414
Lambeth,743415
Lambeth,743416
Lambeth,744621
Lambeth,744622
Lambeth,744623
Lambeth,744624
Lambeth,744625
Lambeth,744626
Lambeth,744627
Lambeth,744628
Lambeth,744629
Lambeth,744630
Lambeth,744631
Lambeth,745835
Lambeth,745836
Lambeth,745837
Lambeth,745838
Lambeth,745839
Lambeth,745840
Lambeth,745841
Lambeth,745842
Lambeth,745843
Lambeth,745844
Lambeth,745845
Lambeth,747052
Lambeth,747054
Lambeth,747055
Lambeth,747056
Lambeth,747057
Lambeth,747058
Lambeth,747059
Lambeth,747060
Lambeth,748269
Lambeth,748270
Lambeth,748272
Lambeth,748273
Lambeth,748274
Lambeth,748275
Lambeth,749490
Camden,734895
Camden,736110
Camden,736111
Camden,737324
Camden,737325
Camden,737326
Camden,737327
Camden,738538
Camden,738539
Camden,738540
Camden,738541
Camden,738542
Camden,739753
Camden,739754
Camden,739755
Camden,739756
Camden,739757
Camden,740968
Camden,740969
Camden,740970
Camden,740971
Camden,740972
Camden,742183
Camden,742184
Camden,742185
Camden,742186
Camden,742187
Camden,742188
Camden,742189
Camden,743400
Camden,743401
Camden,743402
Camden,743403
Camden,743404
Camden,744616
Camden,744617
Camden,744618
Camden,744619
Camden,744620
Camden,745833
Camden,745834
Harrow,716664
Harrow,716665
Harrow,717879
Harrow,717880
Harrow,717881
Harrow,717882
Harrow,717883
Harrow,719093
Harrow,719094
Harrow,719095
Harrow,719096
Harrow,719097
Harrow,719098
Harrow,719099
Harrow,719100
Harrow,720308
Harrow,720309
Harrow,720310
Harrow,720311
Harrow,720312
Harrow,720313
Harrow,720314
Harrow,720315
Harrow,720316
Harrow,721522
Harrow,721523
Harrow,721524
Harrow,721525
Harrow,721526
Harrow,721527
Harrow,721528
Harrow,721529
Harrow,721530
Harrow,722737
Harrow,722738
Harrow,722739
Harrow,722740
Harrow,722741
Harrow,722742
Harrow,722743
Harrow,722744
Harrow,722745
Harrow,723951
Harrow,723952
Harrow,723953
Harrow,723954
Harrow,723955
Harrow,723956
Harrow,723957
Harrow,723958
Harrow,723959
Harrow,723960
Harrow,725166
Harrow,725167
Harrow,725168
Harrow,725169
Harrow,725170
Harrow,725171
Harrow,725172
Harrow,725173
Harrow,725174
Harrow,726381
Harrow,726382
Harrow,726383
Harrow,726384
Harrow,726385
Harrow,726386
Harrow,726387
Harrow,727598
Harrow,727599
Harrow,727600
Harrow,727601
Harrow,727602
Harrow,728813
Harrow,728814
Harrow,728815
Harrow,728816
Harrow,728817
Harrow,730030
Harrow,730031
Redbridge,756758
Redbridge,756760
Redbridge,756761
Redbridge,757971
Redbridge,757972
Redbridge,757973
Redbridge,757974
Redbridge,757975
Redbridge,757976
Redbridge,757977
Redbridge,757978
Redbridge,757979
Redbridge,759187
Redbridge,759188
Redbridge,759189
Redbridge,759190
Redbridge,759191
Redbridge,759192
Redbridge,759193
Redbridge,759194
Redbridge,759195
Redbridge,760402
Redbridge,760403
Redbridge,760404
Redbridge,760405
Redbridge,760406
Redbridge,760407
Redbridge,760408
Redbridge,760409
Redbridge,761618
Redbridge,761619
Redbridge,761620
Redbridge,761621
Redbridge,761622
Redbridge,761623
Redbridge,761624
Redbridge,761625
Redbridge,762834
Redbridge,762835
Redbridge,762836
Redbridge,762837
Redbridge,762838
Redbridge,762839
Redbridge,762840
Redbridge,762841
Redbridge,764049
Redbridge,764050
Redbridge,764051
Redbridge,764052
Redbridge,764053
Redbridge,764054
Redbridge,764055
Redbridge,764056
Redbridge,765262
Redbridge,765263
Redbridge,765264
Redbridge,765265
Redbridge,765266
Redbridge,765267
Redbridge,765268
Redbridge,765269
Redbridge,765270
Redbridge,766478
Redbridge,766479
Redbridge,766481
Redbridge,766482
Redbridge,766483
Redbridge,766484
Redbridge,766485
Redbridge,767692
Redbridge,767693
Redbridge,767694
Redbridge,767696
Redbridge,767697
Redbridge,767698
Redbridge,767699
Redbridge,768911
Redbridge,768912
Redbridge,768913
Redbridge,768914
Redbridge,770124
Redbridge,770125
Sutton,732485
Sutton,732486
Sutton,733698
Sutton,733699
Sutton,733700
Sutton,733701
Sutton,734914
Sutton,734915
Sutton,734916
Sutton,734917
Sutton,734918
Sutton,734919
Sutton,734920
Sutton,736128
Sutton,736129
Sutton,736130
Sutton,736131
Sutton,736132
Sutton,736133
Sutton,736134
Sutton,736135
Sutton,737344
Sutton,737345
Sutton,737346
Sutton,737347
Sutton,737348
Sutton,737349
Sutton,738558
Sutton,738559
Sutton,738560
Sutton,738561
Sutton,738562
Sutton,738563
Sutton,738564
Sutton,739773
Sutton,739774
Sutton,739775
Sutton,739776
Sutton,739777
Sutton,739778
Sutton,739779
Sutton,739780
Sutton,740988
Sutton,740989
Sutton,740990
Sutton,740991
Sutton,740992
Sutton,740993
Sutton,740994
Sutton,740995
Sutton,742203
Sutton,742204
Sutton,742205
Sutton,742206
Sutton,742207
Sutton,742208
Sutton,742209
Sutton,742210
Sutton,742211
Sutton,743418
Sutton,743419
Sutton,743420
Sutton,743421
Sutton,743422
Sutton,743423
Sutton,743424
Sutton,743425
Sutton,744634
Sutton,744635
Sutton,744636
Sutton,744637
Sutton,744638
Sutton,744639
Sutton,745851
Sutton,745852
Sutton,745853
Enfield,737313
Enfield,738527
Enfield,738528
Enfield,739740
Enfield,739742
Enfield,739743
Enfield,739744
Enfield,740957
Enfield,740958
Enfield,740959
Enfield,740960
Enfield,742175
Enfield,742176
Enfield,742178
Enfield,742179
Enfield,743389
Enfield,743390
Enfield,743391
Enfield,743392
Enfield,743393
Enfield,743394
Enfield,744603
Enfield,744604
Enfield,744605
Enfield,744606
Enfield,744607
Enfield,744608
Enfield,744609
Enfield,745815
Enfield,745816
Enfield,745817
Enfield,745818
Enfield,745819
Enfield,745820
Enfield,745821
Enfield,745822
Enfield,745823
Enfield,745824
Enfield,747031
Enfield,747032
Enfield,747033
Enfield,747034
Enfield,747035
Enfield,747036
Enfield,747037
Enfield,747038
Enfield,747039
Enfield,748247
Enfield,748248
Enfield,748249
Enfield,748250
Enfield,748251
Enfield,748252
Enfield,748253
Enfield,748254
Enfield,749462
Enfield,749463
Enfield,749464
Enfield,749465
Enfield,749466
Enfield,749467
Enfield,749468
Enfield,749469
Enfield,750675
Enfield,750676
Enfield,750677
Enfield,750678
Enfield,750679
Enfield,750680
Enfield,750681
Enfield,750682
Enfield,750683
Enfield,750684
Enfield,751891
Enfield,751892
Enfield,751893
Enfield,751894
Enfield,751895
Enfield,751896
Enfield,751897
Enfield,751898
Enfield,751899
Enfield,753105
Enfield,753106
Enfield,753107
Enfield,753108
Enfield,753109
Enfield,753110
Enfield,753111
Enfield,753112
Enfield,753113
Enfield,754321
Enfield,754322
Enfield,754323
Enfield,754324
Enfield,754325
Enfield,754326
Enfield,754327
Enfield,755538
Ealing,715457
Ealing,715458
Ealing,716671
Ealing,716672
Ealing,716673
Ealing,716676
Ealing,717886
Ealing,717887
Ealing,717888
Ealing,717890
Ealing,717891
Ealing,717892
Ealing,719100
Ealing,719101
Ealing,719102
Ealing,719103
Ealing,719104
Ealing,719105
Ealing,719106
Ealing,719107
Ealing,720315
Ealing,720316
Ealing,720317
Ealing,720318
Ealing,720319
Ealing,720320
Ealing,720321
Ealing,720322
Ealing,720323
Ealing,721530
Ealing,721531
Ealing,721532
Ealing,721533
Ealing,721534
Ealing,721535
Ealing,721536
Ealing,721537
Ealing,722745
Ealing,722746
Ealing,722747
Ealing,722748
Ealing,722749
Ealing,722750
Ealing,722751
Ealing,722752
Ealing,723960
Ealing,723961
Ealing,723962
Ealing,723963
Ealing,723964
Ealing,723965
Ealing,723966
Ealing,723967
Ealing,725176
Ealing,725177
Ealing,725178
Ealing,725179
Ealing,725180
Ealing,725181
Ealing,725182
Ealing,726391
Ealing,726392
Ealing,726393
Ealing,726394
Ealing,726395
Ealing,726396
Ealing,726397
Ealing,727608
Ealing,727609
Ealing,727610
Ealing,727611
Ealing,727612
Ealing,728822
Ealing,728823
Ealing,728824
Ealing,728825
Ealing,728826
Ealing,730038
Ealing,730039
Ealing,730040
Ealing,730041
Ealing,730042
Ealing,731252
Ealing,731253
Ealing,731254
Ealing,731255
Ealing,731256
Ealing,731257
Ealing,732468
Ealing,732469
Ealing,732470
Ealing,732471
Hammersmith and Fulham,731253
Hammersmith and Fulham,731254
Hammersmith and Fulham,731255
Hammersmith and Fulham,731256
Hammersmith and Fulham,732468
Hammersmith and Fulham,732469
Hammersmith and Fulham,732470
Hammersmith and Fulham,732471
Hammersmith and Fulham,732472
Hammersmith and Fulham,732473
Hammersmith and Fulham,733682
Hammersmith and Fulham,733683
Hammersmith and Fulham,733684
Hammersmith and Fulham,733685
Hammersmith and Fulham,733686
Hammersmith and Fulham,733687
Hammersmith and Fulham,734899
Hammersmith and Fulham,734900
Hammersmith and Fulham,734901
Hammersmith and Fulham,734902
Hammersmith and Fulham,734903
Hammersmith and Fulham,734904
Hammersmith and Fulham,734905
Hammersmith and Fulham,736115
Hammersmith and Fulham,736116
Hammersmith and Fulham,736117
Hammersmith and Fulham,736118
Hammersmith and Fulham,736119
Hammersmith and Fulham,736120
Hammersmith and Fulham,737332
Hammersmith and Fulham,737333
Hammersmith and Fulham,737334
Hammersmith and Fulham,737335
Hammersmith and Fulham,738548
Hammersmith and Fulham,738549
Hammersmith and Fulham,738550
Hammersmith and Fulham,739764
Bromley,748275
Bromley,749489
Bromley,749490
Bromley,749491
Bromley,750704
Bromley,750705
Bromley,750706
Bromley,750707
Bromley,751920
Bromley,751921
Bromley,751922
Bromley,751923
Bromley,753134
Bromley,753135
Bromley,753136
Bromley,753137
Bromley,753138
Bromley,753139
Bromley,754349
Bromley,754350
Bromley,754351
Bromley,754352
Bromley,754353
Bromley,754354
Bromley,754355
Bromley,754356
Bromley,755565
Bromley,755566
Bromley,755567
Bromley,755568
Bromley,755569
Bromley,755570
Bromley,755571
Bromley,756780
Bromley,756781
Bromley,756782
Bromley,756783
Bromley,756784
Bromley,756785
Bromley,756786
Bromley,756787
Bromley,756788
Bromley,756789
Bromley,756790
Bromley,757994
Bromley,757995
Bromley,757996
Bromley,757997
Bromley,757998
Bromley,757999
Bromley,758000
Bromley,758001
Bromley,758004
Bromley,759207
Bromley,759208
Bromley,759209
Bromley,759210
Bromley,759211
Bromley,759212
Bromley,759213
Bromley,759214
Bromley,759215
Bromley,759216
Bromley,759217
Bromley,759219
Bromley,759220
Bromley,759221
Bromley,759222
Bromley,759223
Bromley,759224
Bromley,760422
Bromley,760423
Bromley,760424
Bromley,760425
Bromley,760426
Bromley,760427
Bromley,760428
Bromley,760429
Bromley,760430
Bromley,760431
Bromley,760432
Bromley,760433
Bromley,760434
Bromley,760435
Bromley,760436
Bromley,760437
Bromley,761638
Bromley,761639
Bromley,761640
Bromley,761641
Bromley,761642
Bromley,761643
Bromley,761644
Bromley,761645
Bromley,761646
Bromley,761647
Bromley,761648
Bromley,761649
Bromley,761650
Bromley,761651
Bromley,761652
Bromley,761653
Bromley,761654
Bromley,762854
Bromley,762855
Bromley,762856
Bromley,762857
Bromley,762858
Bromley,762859
Bromley,762860
Bromley,762861
Bromley,762863
Bromley,762864
Bromley,762865
Bromley,762866
Bromley,762867
Bromley,764068
Bromley,764069
Bromley,764070
Bromley,764071
Bromley,764072
Bromley,764073
Bromley,764074
Bromley,764075
Bromley,764076
Bromley,764077
Bromley,764079
Bromley,764080
Bromley,764081
Bromley,764082
Bromley,765283
Bromley,765284
Bromley,765285
Bromley,765286
Bromley,765287
Bromley,765288
Bromley,765289
Bromley,765290
Bromley,765291
Bromley,765292
Bromley,765293
Bromley,765294
Bromley,765296
Bromley,765297
Bromley,766500
Bromley,766501
Bromley,766502
Bromley,766503
Bromley,766504
Bromley,766505
Bromley,766506
Bromley,766507
Bromley,766508
Bromley,766513
Bromley,767715
Bromley,767716
Bromley,767717
Bromley,767718
Bromley,767719
Bromley,767720
Bromley,767721
Bromley,767722
Bromley,767723
Bromley,767724
Bromley,768930
Bromley,768931
Bromley,768932
Bromley,768933
Bromley,768934
Bromley,768935
Bromley,768936
Bromley,768937
Bromley,768938
Bromley,768939
Bromley,768940
Bromley,770145
Bromley,770147
Bromley,770150
Bromley,771361
Bromley,771364
Bromley,771366
Bromley,771367
Bromley,771368
Bromley,772576
Bromley,772577
Bromley,772579
Barnet,726381
Barnet,726382
Barnet,727596
Barnet,727597
Barnet,727598
Barnet,728810
Barnet,728812
Barnet,728813
Barnet,728814
Barnet,730025
Barnet,730027
Barnet,730028
Barnet,730029
Barnet,730030
Barnet,730031
Barnet,731239
Barnet,731240
Barnet,731241
Barnet,731242
Barnet,731243
Barnet,731244
Barnet,731245
Barnet,731246
Barnet,731247
Barnet,731248
Barnet,732455
Barnet,732456
Barnet,732457
Barnet,732458
Barnet,732459
Barnet,732460
Barnet,732461
Barnet,732462
Barnet,732463
Barnet,732464
Barnet,733668
Barnet,733669
Barnet,733670
Barnet,733672
Barnet,733673
Barnet,733674
Barnet,733675
Barnet,733676
Barnet,733677
Barnet,733678
Barnet,734884
Barnet,734885
Barnet,734886
Barnet,734887
Barnet,734888
Barnet,734889
Barnet,734890
Barnet,734891
Barnet,734892
Barnet,734893
Barnet,734894
Barnet,734895
Barnet,736097
Barnet,736098
Barnet,736099
Barnet,736100
Barnet,736101
Barnet,736102
Barnet,736103
Barnet,736104
Barnet,736105
Barnet,736106
Barnet,736107
Barnet,736108
Barnet,736109
Barnet,736110
Barnet,737313
Barnet,737314
Barnet,737315
Barnet,737316
Barnet,737317
Barnet,737318
Barnet,737319
Barnet,737320
Barnet,737321
Barnet,737322
Barnet,737323
Barnet,737324
Barnet,737325
Barnet,738527
Barnet,738528
Barnet,738529
Barnet,738530
Barnet,738531
Barnet,738532
Barnet,738533
Barnet,738534
Barnet,738535
Barnet,738536
Barnet,738537
Barnet,738538
Barnet,739744
Barnet,739745
Barnet,739746
Barnet,739747
Barnet,739748
Barnet,739749
Barnet,739750
Barnet,739751
Barnet,739752
Barnet,739753
Barnet,740958
Barnet,740959
Barnet,740960
Barnet,740961
Barnet,740962
Barnet,740963
Barnet,740964
Barnet,740965
Barnet,740966
Barnet,742175
Barnet,742176
Barnet,742177
Barnet,742178
Barnet,742179
Barnet,742180
Barnet,743391
Barnet,743392
Bexley,764065
Bexley,764068
Bexley,764069
Bexley,765278
Bexley,765279
Bexley,765280
Bexley,765281
Bexley,765282
Bexley,765283
Bexley,765284
Bexley,766494
Bexley,766495
Bexley,766496
Bexley,766497
Bexley,766498
Bexley,766499
Bexley,766500
Bexley,767704
Bexley,767705
Bexley,767706
Bexley,767707
Bexley,767708
Bexley,767709
Bexley,767710
Bexley,767711
Bexley,767712
Bexley,767713
Bexley,767714
Bexley,767715
Bexley,768919
Bexley,768920
Bexley,768921
Bexley,768922
Bexley,768923
Bexley,768924
Bexley,768925
Bexley,768926
Bexley,768927
Bexley,768928
Bexley,768929
Bexley,768930
Bexley,770134
Bexley,770136
Bexley,770137
Bexley,770138
Bexley,770139
Bexley,770140
Bexley,770141
Bexley,770142
Bexley,770143
Bexley,770144
Bexley,770145
Bexley,771350
Bexley,771351
Bexley,771352
Bexley,771353
Bexley,771354
Bexley,771355
Bexley,771356
Bexley,771357
Bexley,771358
Bexley,771361
Bexley,772565
Bexley,772566
Bexley,772567
Bexley,772568
Bexley,772569
Bexley,772570
Bexley,772571
Bexley,772572
Bexley,772573
Bexley,772575
Bexley,773781
Bexley,773782
Bexley,773783
Bexley,773784
Bexley,773785
Bexley,773786
Bexley,773787
Bexley,773788
Bexley,774997
Bexley,774998
Bexley,774999
Bexley,775000
Bexley,775001
Bexley,776213
Bexley,776214
Bexley,776215
Bexley,776216
Bexley,777427
Bexley,777428
Hounslow,711821
Hounslow,711822
Hounslow,711823
Hounslow,713037
Hounslow,713038
Hounslow,713039
Hounslow,714250
Hounslow,714251
Hounslow,714252
Hounslow,714253
Hounslow,714254
Hounslow,715464
Hounslow,715465
Hounslow,715466
Hounslow,715467
Hounslow,715468
Hounslow,715469
Hounslow,715470
Hounslow,716676
Hounslow,716677
Hounslow,716678
Hounslow,716679
Hounslow,716680
Hounslow,716681
Hounslow,716682
Hounslow,716683
Hounslow,716684
Hounslow,716685
Hounslow,717892
Hounslow,717893
Hounslow,717894
Hounslow,717895
Hounslow,717896
Hounslow,717897
Hounslow,717898
Hounslow,717899
Hounslow,717900
Hounslow,719107
Hounslow,719108
Hounslow,719109
Hounslow,719110
Hounslow,719111
Hounslow,719112
Hounslow,719113
Hounslow,719114
Hounslow,719115
Hounslow,720322
Hounslow,720323
Hounslow,720324
Hounslow,720325
Hounslow,720326
Hounslow,720327
Hounslow,720328
Hounslow,720329
Hounslow,721536
Hounslow,721537
Hounslow,721538
Hounslow,721539
Hounslow,721540
Hounslow,721541
Hounslow,722752
Hounslow,722753
Hounslow,722754
Hounslow,722755
Hounslow,722756
Hounslow,723967
Hounslow,723968
Hounslow,723969
Hounslow,723970
Hounslow,723971
Hounslow,725182
Hounslow,725183
Hounslow,725184
Hounslow,725185
Hounslow,725186
Hounslow,726396
Hounslow,726397
Hounslow,726398
Hounslow,726399
Hounslow,727611
Hounslow,727612
Hounslow,727613
Hounslow,727614
Hounslow,728826
Hounslow,728827
Hounslow,728828
Hounslow,730042
Hounslow,730043
Hounslow,730044
Hounslow,731256
Hounslow,731257
Hounslow,731258
Hounslow,731259
Hounslow,732472
Hounslow,732473
Hounslow,732474